,entry_id,uniprot_id,MSA_pos,seq_pos,residue,clusters,expected_residues,separated_clusters
0,COX1_SCHPO,P07657,56,24,Y,"[79, 83]",[],"[79, 83]"
1,COX1_DICDI,O21042,56,38,Y,[95],[],[95]
2,COX1_CAEEL,P24893,56,27,Y,"[80, 84]",[],"[80, 84]"
3,COX1_YEAST,P00401,56,18,Y,"[73, 77]",[],"[73, 77]"
4,H9D0P5_EMENI,H9D0P5,56,56,Y,"[110, 114]",[],"[110, 114]"
5,A0A126TGS8_MEDTR,A0A126TGS8,56,20,Y,"[75, 79]",[],"[75, 79]"
6,COX1_ORYSJ,P14578,56,20,Y,"[75, 79]",[],"[75, 79]"
7,COX1_DROME,P00399,56,17,Y,"[70, 74]",[],"[70, 74]"
8,A0A023UN37_POERE,A0A023UN37,56,19,Y,"[72, 76]",[],"[72, 76]"
9,COX1_DANRE,Q9MIY8,56,19,Y,"[72, 76]",[],"[72, 76]"
10,COX1_HUMAN,P00395,56,19,Y,"[72, 76]",[],"[72, 76]"
11,E9NPC9_HETGA,E9NPC9,56,19,Y,"[72, 76]",[],"[72, 76]"
12,COX1_CANLF,Q9ZZ64,56,19,Y,"[72, 76]",[],"[72, 76]"
13,COX1_MOUSE,P00397,56,19,Y,"[72, 76]",[],"[72, 76]"
14,COX1_RAT,P05503,56,19,Y,"[72, 76]",[],"[72, 76]"
15,COX1_SCHPO,P07657,64,32,G,"[35, 72]",[],[72]
16,COX1_YEAST,P00401,64,26,G,"[29, 66]",[],[66]
17,H9D0P5_EMENI,H9D0P5,64,64,G,"[67, 103]",[],[103]
18,COX1_SCHPO,P07657,67,35,G,"[32, 68, 72]",[68],"[68, 72]"
19,COX1_DICDI,O21042,67,49,G,"[46, 80, 84]",[80],"[80, 84]"
20,COX1_CAEEL,P24893,67,38,G,"[35, 69, 73]",[69],"[69, 73]"
21,COX1_YEAST,P00401,67,29,G,"[26, 62, 66]",[62],"[62, 66]"
22,H9D0P5_EMENI,H9D0P5,67,67,G,"[64, 99, 103]",[],"[99, 103]"
23,A0A126TGS8_MEDTR,A0A126TGS8,67,31,G,"[28, 64, 68]",[],"[64, 68]"
24,COX1_ORYSJ,P14578,67,31,G,"[28, 64, 68]",[64],"[64, 68]"
25,COX1_DROME,P00399,67,28,G,"[25, 59, 63]",[59],"[59, 63]"
26,A0A023UN37_POERE,A0A023UN37,67,30,G,"[27, 61, 65]",[],"[61, 65]"
27,COX1_DANRE,Q9MIY8,67,30,G,"[27, 61, 65]",[61],"[61, 65]"
28,COX1_HUMAN,P00395,67,30,G,"[27, 61, 65]",[61],"[61, 65]"
29,E9NPC9_HETGA,E9NPC9,67,30,G,"[27, 61, 65]",[],"[61, 65]"
30,COX1_CANLF,Q9ZZ64,67,30,G,"[27, 61, 65]",[61],"[61, 65]"
31,COX1_MOUSE,P00397,67,30,G,"[27, 61, 65]",[61],"[61, 65]"
32,COX1_RAT,P05503,67,30,G,"[27, 61, 65]",[61],"[61, 65]"
33,COX1_SCHPO,P07657,94,62,N,[130],[],[130]
34,COX1_DICDI,O21042,94,74,N,[142],[],[142]
35,COX1_CAEEL,P24893,94,63,N,[131],[],[131]
36,COX1_YEAST,P00401,94,56,N,[124],[],[124]
37,H9D0P5_EMENI,H9D0P5,94,93,N,[162],[],[162]
38,A0A126TGS8_MEDTR,A0A126TGS8,94,58,N,[126],[],[126]
39,COX1_ORYSJ,P14578,94,58,N,[126],[],[126]
40,COX1_DROME,P00399,94,53,N,[121],[],[121]
41,A0A023UN37_POERE,A0A023UN37,94,55,N,[123],[],[123]
42,COX1_DANRE,Q9MIY8,94,55,N,[123],[],[123]
43,COX1_HUMAN,P00395,94,55,N,[123],[],[123]
44,E9NPC9_HETGA,E9NPC9,94,55,N,[123],[],[123]
45,COX1_CANLF,Q9ZZ64,94,55,N,[123],[],[123]
46,COX1_MOUSE,P00397,94,55,N,[123],[],[123]
47,COX1_RAT,P05503,94,55,N,[123],[],[123]
48,COX1_SCHPO,P07657,100,68,H,[35],[],[35]
49,COX1_DICDI,O21042,100,80,H,[49],[],[49]
50,COX1_CAEEL,P24893,100,69,H,[38],[],[38]
51,COX1_YEAST,P00401,100,62,H,[29],[],[29]
52,H9D0P5_EMENI,H9D0P5,100,99,H,[67],[],[67]
53,A0A126TGS8_MEDTR,A0A126TGS8,100,64,H,[31],[],[31]
54,COX1_ORYSJ,P14578,100,64,H,[31],[],[31]
55,COX1_DROME,P00399,100,59,H,[28],[],[28]
56,A0A023UN37_POERE,A0A023UN37,100,61,H,[30],[],[30]
57,COX1_DANRE,Q9MIY8,100,61,H,[30],[],[30]
58,COX1_HUMAN,P00395,100,61,H,[30],[],[30]
59,E9NPC9_HETGA,E9NPC9,100,61,H,[30],[],[30]
60,COX1_CANLF,Q9ZZ64,100,61,H,[30],[],[30]
61,COX1_MOUSE,P00397,100,61,H,[30],[],[30]
62,COX1_RAT,P05503,100,61,H,[30],[],[30]
63,COX1_SCHPO,P07657,104,72,M,"[32, 35, 73, 75]",[],"[32, 35]"
64,COX1_DICDI,O21042,104,84,M,"[49, 85, 87]",[],[49]
65,COX1_CAEEL,P24893,104,73,M,"[38, 74, 76]",[],[38]
66,COX1_YEAST,P00401,104,66,M,"[26, 29, 67, 69]",[],"[26, 29]"
67,H9D0P5_EMENI,H9D0P5,104,103,M,"[64, 67, 104, 106]",[],"[64, 67]"
68,A0A126TGS8_MEDTR,A0A126TGS8,104,68,M,"[31, 69, 71]",[],[31]
69,COX1_ORYSJ,P14578,104,68,M,"[31, 69, 71]",[],[31]
70,COX1_DROME,P00399,104,63,M,"[28, 64, 66]",[],[28]
71,A0A023UN37_POERE,A0A023UN37,104,65,M,"[30, 66, 68]",[],[30]
72,COX1_DANRE,Q9MIY8,104,65,M,"[30, 66, 68]",[],[30]
73,COX1_HUMAN,P00395,104,65,M,"[30, 66, 68]",[],[30]
74,E9NPC9_HETGA,E9NPC9,104,65,M,"[30, 66, 68]",[],[30]
75,COX1_CANLF,Q9ZZ64,104,65,M,"[30, 66, 68]",[],[30]
76,COX1_MOUSE,P00397,104,65,M,"[30, 66, 68]",[],[30]
77,COX1_RAT,P05503,104,65,M,"[30, 66, 68]",[],[30]
78,COX1_SCHPO,P07657,111,79,P,"[24, 75, 83]",[],[24]
79,COX1_CAEEL,P24893,111,80,P,"[27, 76, 84]",[],[27]
80,COX1_YEAST,P00401,111,73,P,"[18, 69, 77]",[],[18]
81,H9D0P5_EMENI,H9D0P5,111,110,P,"[56, 106, 114]",[],[56]
82,A0A126TGS8_MEDTR,A0A126TGS8,111,75,P,"[20, 71, 79]",[],[20]
83,COX1_ORYSJ,P14578,111,75,P,"[20, 71, 79]",[],[20]
84,COX1_DROME,P00399,111,70,P,"[17, 66, 74]",[],[17]
85,A0A023UN37_POERE,A0A023UN37,111,72,P,"[19, 68, 76]",[],[19]
86,COX1_DANRE,Q9MIY8,111,72,P,"[19, 68, 76]",[],[19]
87,COX1_HUMAN,P00395,111,72,P,"[19, 68, 76]",[],[19]
88,E9NPC9_HETGA,E9NPC9,111,72,P,"[19, 68, 76]",[],[19]
89,COX1_CANLF,Q9ZZ64,111,72,P,"[19, 68, 76]",[],[19]
90,COX1_MOUSE,P00397,111,72,P,"[19, 68, 76]",[],[19]
91,COX1_RAT,P05503,111,72,P,"[19, 68, 76]",[],[19]
92,COX1_SCHPO,P07657,115,83,G,"[24, 79, 87]",[],[24]
93,COX1_DICDI,O21042,115,95,G,"[38, 91, 99]",[],[38]
94,COX1_CAEEL,P24893,115,84,G,"[27, 80, 88]",[],[27]
95,COX1_YEAST,P00401,115,77,G,"[18, 73, 81]",[],[18]
96,H9D0P5_EMENI,H9D0P5,115,114,G,"[56, 110, 118]",[],[56]
97,A0A126TGS8_MEDTR,A0A126TGS8,115,79,G,"[20, 75, 83]",[],[20]
98,COX1_ORYSJ,P14578,115,79,G,"[20, 75, 83]",[],[20]
99,COX1_DROME,P00399,115,74,G,"[17, 70, 78]",[],[17]
100,A0A023UN37_POERE,A0A023UN37,115,76,G,"[19, 72, 80]",[],[19]
101,COX1_DANRE,Q9MIY8,115,76,G,"[19, 72, 80]",[],[19]
102,COX1_HUMAN,P00395,115,76,G,"[19, 72, 80]",[],[19]
103,E9NPC9_HETGA,E9NPC9,115,76,G,"[19, 72, 80]",[],[19]
104,COX1_CANLF,Q9ZZ64,115,76,G,"[19, 72, 80]",[],[19]
105,COX1_MOUSE,P00397,115,76,G,"[19, 72, 80]",[],[19]
106,COX1_RAT,P05503,115,76,G,"[19, 72, 80]",[],[19]
107,COX1_CAEEL,P24893,138,106,N,"[103, 104, 107, 167]",[],[167]
108,COX1_SCHPO,P07657,163,130,G,[62],[],[62]
109,COX1_DICDI,O21042,163,142,G,"[74, 140]",[],[74]
110,COX1_CAEEL,P24893,163,131,G,[63],[],[63]
111,COX1_YEAST,P00401,163,124,G,[56],[],[56]
112,H9D0P5_EMENI,H9D0P5,163,162,G,[93],[],[93]
113,A0A126TGS8_MEDTR,A0A126TGS8,163,126,G,[58],[],[58]
114,COX1_ORYSJ,P14578,163,126,G,[58],[],[58]
115,COX1_DROME,P00399,163,121,G,"[53, 119]",[],[53]
116,A0A023UN37_POERE,A0A023UN37,163,123,G,[55],[],[55]
117,COX1_DANRE,Q9MIY8,163,123,G,[55],[],[55]
118,COX1_HUMAN,P00395,163,123,G,[55],[],[55]
119,E9NPC9_HETGA,E9NPC9,163,123,G,[55],[],[55]
120,COX1_CANLF,Q9ZZ64,163,123,G,[55],[],[55]
121,COX1_MOUSE,P00397,163,123,G,[55],[],[55]
122,COX1_RAT,P05503,163,123,G,[55],[],[55]
123,COX1_SCHPO,P07657,170,137,P,"[136, 138, 139, 235]",[],[235]
124,COX1_DICDI,O21042,170,149,P,"[148, 150, 151, 247]",[],[247]
125,COX1_CAEEL,P24893,170,138,P,"[137, 139, 140, 235]",[],[235]
126,COX1_YEAST,P00401,170,131,P,"[130, 132, 133, 229]",[],[229]
127,H9D0P5_EMENI,H9D0P5,170,169,P,"[168, 170, 171, 267]",[],[267]
128,COX1_ORYSJ,P14578,170,133,P,"[132, 134, 135, 231]",[],[231]
129,COX1_DROME,P00399,170,128,P,"[127, 129, 130, 226]",[],[226]
130,A0A023UN37_POERE,A0A023UN37,170,130,P,"[129, 131, 132, 228]",[],[228]
131,COX1_DANRE,Q9MIY8,170,130,P,"[129, 131, 132, 228]",[],[228]
132,COX1_HUMAN,P00395,170,130,P,"[129, 131, 132, 228]",[],[228]
133,E9NPC9_HETGA,E9NPC9,170,130,P,"[129, 131, 132, 228]",[],[228]
134,COX1_CANLF,Q9ZZ64,170,130,P,"[129, 131, 132, 228]",[],[228]
135,COX1_MOUSE,P00397,170,130,P,"[129, 131, 132, 228]",[],[228]
136,COX1_RAT,P05503,170,130,P,"[129, 131, 132, 228]",[],[228]
137,COX1_CAEEL,P24893,200,167,G,"[106, 164, 166, 170]",[],[106]
138,COX1_SCHPO,P07657,223,190,L,"[191, 193, 259]",[],[259]
139,COX1_DICDI,O21042,223,202,L,"[203, 205, 271]",[],[271]
140,COX1_CAEEL,P24893,223,190,L,"[191, 193, 259]",[],[259]
141,COX1_YEAST,P00401,223,184,L,"[185, 187, 253]",[],[253]
142,H9D0P5_EMENI,H9D0P5,223,222,L,"[223, 225, 305]",[],[305]
143,A0A126TGS8_MEDTR,A0A126TGS8,223,186,L,"[187, 189, 255]",[],[255]
144,COX1_ORYSJ,P14578,223,186,L,"[187, 189, 255]",[],[255]
145,COX1_DROME,P00399,223,181,L,"[182, 184, 250]",[],[250]
146,A0A023UN37_POERE,A0A023UN37,223,183,L,"[184, 186, 252]",[],[252]
147,COX1_DANRE,Q9MIY8,223,183,L,"[184, 186, 252]",[],[252]
148,COX1_HUMAN,P00395,223,183,L,"[184, 186, 252]",[],[252]
149,E9NPC9_HETGA,E9NPC9,223,183,L,"[184, 186, 252]",[],[252]
150,COX1_CANLF,Q9ZZ64,223,183,L,"[184, 186, 252]",[],[252]
151,COX1_MOUSE,P00397,223,183,L,"[184, 186, 252]",[],[252]
152,COX1_RAT,P05503,223,183,L,"[184, 186, 252]",[],[252]
153,COX1_SCHPO,P07657,224,191,F,"[190, 193, 259]",[],[259]
154,COX1_DICDI,O21042,224,203,F,"[202, 205, 271]",[],[271]
155,COX1_CAEEL,P24893,224,191,F,"[190, 193, 259]",[],[259]
156,COX1_YEAST,P00401,224,185,F,"[184, 187, 253]",[],[253]
157,H9D0P5_EMENI,H9D0P5,224,223,F,"[222, 225, 305]",[],[305]
158,A0A126TGS8_MEDTR,A0A126TGS8,224,187,F,"[186, 189, 252, 255]",[],"[252, 255]"
159,COX1_ORYSJ,P14578,224,187,F,"[186, 189, 255]",[],[255]
160,COX1_DROME,P00399,224,182,F,"[181, 184, 250]",[],[250]
161,A0A023UN37_POERE,A0A023UN37,224,184,F,"[183, 186, 252]",[],[252]
162,COX1_DANRE,Q9MIY8,224,184,F,"[183, 186, 252]",[],[252]
163,COX1_HUMAN,P00395,224,184,F,"[183, 186, 252]",[],[252]
164,E9NPC9_HETGA,E9NPC9,224,184,F,"[183, 186, 252]",[],[252]
165,COX1_CANLF,Q9ZZ64,224,184,F,"[183, 186, 252]",[],[252]
166,COX1_MOUSE,P00397,224,184,F,"[183, 186, 252]",[],[252]
167,COX1_RAT,P05503,224,184,F,"[183, 186, 252]",[],[252]
168,COX1_SCHPO,P07657,231,198,T,[252],[],[252]
169,COX1_DICDI,O21042,231,210,T,[264],[],[264]
170,COX1_CAEEL,P24893,231,198,T,[252],[],[252]
171,COX1_YEAST,P00401,231,192,T,[246],[],[246]
172,H9D0P5_EMENI,H9D0P5,231,230,T,[298],[],[298]
173,A0A126TGS8_MEDTR,A0A126TGS8,231,194,T,[248],[],[248]
174,COX1_ORYSJ,P14578,231,194,T,[248],[],[248]
175,COX1_DROME,P00399,231,189,T,[243],[],[243]
176,A0A023UN37_POERE,A0A023UN37,231,191,T,[245],[],[245]
177,COX1_DANRE,Q9MIY8,231,191,T,[245],[],[245]
178,COX1_HUMAN,P00395,231,191,T,[245],[],[245]
179,E9NPC9_HETGA,E9NPC9,231,191,T,[245],[],[245]
180,COX1_CANLF,Q9ZZ64,231,191,T,[245],[],[245]
181,COX1_MOUSE,P00397,231,191,T,[245],[],[245]
182,COX1_RAT,P05503,231,191,T,[245],[],[245]
183,COX1_DICDI,O21042,241,220,V,"[218, 219, 221, 253]",[],[253]
184,COX1_SCHPO,P07657,242,209,L,"[206, 207, 208, 242, 245]",[],"[242, 245]"
185,COX1_DICDI,O21042,242,221,L,"[218, 219, 220, 254, 257]",[],"[254, 257]"
186,COX1_CAEEL,P24893,242,209,L,"[206, 207, 208, 242, 245]",[],"[242, 245]"
187,COX1_YEAST,P00401,242,203,L,"[200, 201, 202, 236, 239]",[],"[236, 239]"
188,H9D0P5_EMENI,H9D0P5,242,241,L,"[238, 239, 240, 274, 277]",[],"[274, 277]"
189,A0A126TGS8_MEDTR,A0A126TGS8,242,205,L,"[202, 203, 204, 238, 241]",[],"[238, 241]"
190,COX1_ORYSJ,P14578,242,205,L,"[202, 203, 204, 238, 241]",[],"[238, 241]"
191,COX1_DROME,P00399,242,200,L,"[197, 198, 199, 233, 236]",[],"[233, 236]"
192,A0A023UN37_POERE,A0A023UN37,242,202,L,"[199, 200, 201, 235, 238]",[],"[235, 238]"
193,COX1_DANRE,Q9MIY8,242,202,L,"[199, 200, 201, 235, 238]",[],"[235, 238]"
194,COX1_HUMAN,P00395,242,202,L,"[199, 200, 201, 235, 238]",[],"[235, 238]"
195,E9NPC9_HETGA,E9NPC9,242,202,L,"[199, 200, 201, 235, 238]",[],"[235, 238]"
196,COX1_CANLF,Q9ZZ64,242,202,L,"[199, 200, 201, 235, 238]",[],"[235, 238]"
197,COX1_MOUSE,P00397,242,202,L,"[199, 200, 201, 235, 238]",[],"[235, 238]"
198,COX1_RAT,P05503,242,202,L,"[199, 200, 201, 235, 238]",[],"[235, 238]"
199,COX1_SCHPO,P07657,268,235,P,[137],[],[137]
200,COX1_DICDI,O21042,268,247,P,[149],[],[149]
201,COX1_CAEEL,P24893,268,235,P,[138],[],[138]
202,COX1_YEAST,P00401,268,229,P,[131],[],[131]
203,H9D0P5_EMENI,H9D0P5,268,267,P,[169],[],[169]
204,COX1_ORYSJ,P14578,268,231,P,[133],[],[133]
205,COX1_DROME,P00399,268,226,P,[128],[],[128]
206,A0A023UN37_POERE,A0A023UN37,268,228,P,[130],[],[130]
207,COX1_DANRE,Q9MIY8,268,228,P,[130],[],[130]
208,COX1_HUMAN,P00395,268,228,P,[130],[],[130]
209,E9NPC9_HETGA,E9NPC9,268,228,P,[130],[],[130]
210,COX1_CANLF,Q9ZZ64,268,228,P,[130],[],[130]
211,COX1_MOUSE,P00397,268,228,P,[130],[],[130]
212,COX1_RAT,P05503,268,228,P,[130],[],[130]
213,COX1_DICDI,O21042,274,253,L,"[220, 252, 254, 256]",[],[220]
214,COX1_SCHPO,P07657,275,242,F,"[209, 240, 241, 244, 245, 246]",[],[209]
215,COX1_DICDI,O21042,275,254,F,"[221, 252, 253, 256, 257, 258]",[],[221]
216,COX1_CAEEL,P24893,275,242,F,"[209, 240, 241, 244, 245, 246]",[],[209]
217,COX1_YEAST,P00401,275,236,F,"[203, 234, 235, 238, 239, 240]",[],[203]
218,H9D0P5_EMENI,H9D0P5,275,274,F,"[241, 272, 273, 276, 277, 278]",[],[241]
219,A0A126TGS8_MEDTR,A0A126TGS8,275,238,F,"[205, 236, 237, 240, 241, 242]",[],[205]
220,COX1_ORYSJ,P14578,275,238,F,"[205, 236, 237, 240, 241, 242]",[],[205]
221,COX1_DROME,P00399,275,233,F,"[200, 231, 232, 235, 236, 237]",[],[200]
222,A0A023UN37_POERE,A0A023UN37,275,235,F,"[202, 233, 234, 237, 238, 239]",[],[202]
223,COX1_DANRE,Q9MIY8,275,235,F,"[202, 233, 234, 237, 238, 239]",[],[202]
224,COX1_HUMAN,P00395,275,235,F,"[202, 233, 234, 237, 238, 239]",[],[202]
225,E9NPC9_HETGA,E9NPC9,275,235,F,"[202, 233, 234, 237, 238, 239]",[],[202]
226,COX1_CANLF,Q9ZZ64,275,235,F,"[202, 233, 234, 237, 238, 239]",[],[202]
227,COX1_MOUSE,P00397,275,235,F,"[202, 233, 234, 237, 238, 239]",[],[202]
228,COX1_RAT,P05503,275,235,F,"[202, 233, 234, 237, 238, 239]",[],[202]
229,COX1_SCHPO,P07657,277,244,F,"[240, 241, 242, 245, 246, 294]",[],[294]
230,COX1_DICDI,O21042,277,256,F,"[252, 253, 254, 257, 258, 306]",[],[306]
231,COX1_CAEEL,P24893,277,244,F,"[241, 242, 245, 246, 295]",[],[295]
232,COX1_YEAST,P00401,277,238,F,"[234, 235, 236, 239, 240, 288]",[],[288]
233,H9D0P5_EMENI,H9D0P5,277,276,F,"[272, 273, 274, 277, 279, 280, 340]",[],[340]
234,A0A126TGS8_MEDTR,A0A126TGS8,277,240,F,"[236, 237, 238, 241, 242, 243, 290]",[],[290]
235,COX1_ORYSJ,P14578,277,240,F,"[236, 237, 238, 241, 242, 290]",[],[290]
236,COX1_DROME,P00399,277,235,F,"[231, 232, 233, 236, 237, 286]",[],[286]
237,A0A023UN37_POERE,A0A023UN37,277,237,F,"[233, 234, 235, 238, 239, 288]",[],[288]
238,COX1_DANRE,Q9MIY8,277,237,F,"[233, 234, 235, 238, 239, 288]",[],[288]
239,COX1_HUMAN,P00395,277,237,F,"[233, 234, 235, 238, 239, 288]",[],[288]
240,E9NPC9_HETGA,E9NPC9,277,237,F,"[233, 234, 235, 238, 239, 288]",[],[288]
241,COX1_CANLF,Q9ZZ64,277,237,F,"[233, 234, 235, 238, 239, 288]",[],[288]
242,COX1_MOUSE,P00397,277,237,F,"[233, 234, 235, 238, 239, 288]",[],[288]
243,COX1_RAT,P05503,277,237,F,"[233, 234, 235, 238, 239, 288]",[],[288]
244,COX1_SCHPO,P07657,278,245,F,"[209, 242, 244, 246, 247, 248]",[247],[209]
245,COX1_DICDI,O21042,278,257,F,"[221, 254, 256, 258, 259, 260]",[259],[221]
246,COX1_CAEEL,P24893,278,245,F,"[209, 242, 244, 246, 247, 248]",[247],[209]
247,COX1_YEAST,P00401,278,239,F,"[203, 236, 238, 240, 241, 242]",[241],[203]
248,H9D0P5_EMENI,H9D0P5,278,277,F,"[241, 274, 276, 278, 279, 280]",[],[241]
249,A0A126TGS8_MEDTR,A0A126TGS8,278,241,F,"[205, 238, 240, 242, 243, 244]",[],[205]
250,COX1_ORYSJ,P14578,278,241,F,"[205, 238, 240, 242, 243, 244]",[243],[205]
251,COX1_DROME,P00399,278,236,F,"[200, 233, 235, 237, 238, 239]",[238],[200]
252,A0A023UN37_POERE,A0A023UN37,278,238,F,"[202, 235, 237, 239, 240, 241]",[],[202]
253,COX1_DANRE,Q9MIY8,278,238,F,"[202, 235, 237, 239, 240, 241]",[240],[202]
254,COX1_HUMAN,P00395,278,238,F,"[202, 235, 237, 239, 240, 241]",[240],[202]
255,E9NPC9_HETGA,E9NPC9,278,238,F,"[202, 235, 237, 239, 240, 241]",[],[202]
256,COX1_CANLF,Q9ZZ64,278,238,F,"[202, 235, 237, 239, 240, 241]",[240],[202]
257,COX1_MOUSE,P00397,278,238,F,"[202, 235, 237, 239, 240, 241]",[240],[202]
258,COX1_RAT,P05503,278,238,F,"[202, 235, 237, 239, 240, 241]",[240],[202]
259,COX1_SCHPO,P07657,280,247,H,"[245, 246, 248, 249, 294]",[],[294]
260,COX1_DICDI,O21042,280,259,H,"[257, 258, 260, 261, 302, 306]",[],"[302, 306]"
261,COX1_CAEEL,P24893,280,247,H,"[245, 246, 248, 249, 295]",[],[295]
262,COX1_YEAST,P00401,280,241,H,"[239, 240, 242, 243, 284, 288]",[],"[284, 288]"
263,H9D0P5_EMENI,H9D0P5,280,279,H,"[276, 277, 278, 280, 281, 340]",[],[340]
264,A0A126TGS8_MEDTR,A0A126TGS8,280,243,H,"[240, 241, 242, 244, 245, 290]",[],[290]
265,COX1_ORYSJ,P14578,280,243,H,"[241, 242, 244, 245, 290]",[],[290]
266,COX1_DROME,P00399,280,238,H,"[236, 237, 239, 240, 282, 286]",[],"[282, 286]"
267,A0A023UN37_POERE,A0A023UN37,280,240,H,"[238, 239, 241, 242, 288]",[],[288]
268,COX1_DANRE,Q9MIY8,280,240,H,"[238, 239, 241, 242, 284, 288]",[],"[284, 288]"
269,COX1_HUMAN,P00395,280,240,H,"[238, 239, 241, 242, 284, 288]",[],"[284, 288]"
270,E9NPC9_HETGA,E9NPC9,280,240,H,"[238, 239, 241, 242, 288]",[],[288]
271,COX1_CANLF,Q9ZZ64,280,240,H,"[238, 239, 241, 242, 288]",[],[288]
272,COX1_MOUSE,P00397,280,240,H,"[238, 239, 241, 242, 288]",[],[288]
273,COX1_RAT,P05503,280,240,H,"[238, 239, 241, 242, 288]",[],[288]
274,COX1_SCHPO,P07657,281,248,P,"[245, 246, 247, 249, 251, 290]","[247, 251]",[290]
275,COX1_DICDI,O21042,281,260,P,"[257, 258, 259, 261, 263, 302]","[259, 263]",[302]
276,COX1_CAEEL,P24893,281,248,P,"[245, 246, 247, 249, 251, 291]","[247, 251]",[291]
277,COX1_YEAST,P00401,281,242,P,"[239, 240, 241, 243, 245, 284]","[241, 245]",[284]
278,H9D0P5_EMENI,H9D0P5,281,280,P,"[276, 277, 279, 281, 336]",[],[336]
279,A0A126TGS8_MEDTR,A0A126TGS8,281,244,P,"[241, 242, 243, 245, 247, 286]",[],[286]
280,COX1_ORYSJ,P14578,281,244,P,"[241, 242, 243, 245, 247, 286]","[243, 247]",[286]
281,COX1_DROME,P00399,281,239,P,"[236, 237, 238, 240, 242, 282]","[238, 242]",[282]
282,A0A023UN37_POERE,A0A023UN37,281,241,P,"[238, 239, 240, 242, 244, 284]",[],[284]
283,COX1_DANRE,Q9MIY8,281,241,P,"[238, 239, 240, 242, 244, 284]","[240, 244]",[284]
284,COX1_HUMAN,P00395,281,241,P,"[238, 239, 240, 242, 244, 284]","[240, 244]",[284]
285,E9NPC9_HETGA,E9NPC9,281,241,P,"[238, 239, 240, 242, 244, 284]",[],[284]
286,COX1_CANLF,Q9ZZ64,281,241,P,"[238, 239, 240, 242, 244, 284]","[240, 244]",[284]
287,COX1_MOUSE,P00397,281,241,P,"[238, 239, 240, 242, 244, 284]","[240, 244]",[284]
288,COX1_RAT,P05503,281,241,P,"[238, 239, 240, 242, 244, 284]","[240, 244]",[284]
289,COX1_SCHPO,P07657,299,252,I,"[198, 249, 251, 254]",[251],[198]
290,COX1_DICDI,O21042,299,264,I,"[210, 261, 263, 266]",[263],[210]
291,COX1_CAEEL,P24893,299,252,I,"[198, 249, 251, 254]",[251],[198]
292,COX1_YEAST,P00401,299,246,I,"[192, 243, 245, 248]",[245],[192]
293,H9D0P5_EMENI,H9D0P5,299,298,I,"[230, 281, 297, 300]",[],[230]
294,A0A126TGS8_MEDTR,A0A126TGS8,299,248,I,"[194, 245, 247, 250]",[],[194]
295,COX1_ORYSJ,P14578,299,248,I,"[194, 245, 247, 250]",[247],[194]
296,COX1_DROME,P00399,299,243,I,"[189, 240, 242, 245]",[242],[189]
297,A0A023UN37_POERE,A0A023UN37,299,245,I,"[191, 242, 244, 247]",[],[191]
298,COX1_DANRE,Q9MIY8,299,245,I,"[191, 242, 244, 247]",[244],[191]
299,COX1_HUMAN,P00395,299,245,I,"[191, 242, 244, 247]",[244],[191]
300,E9NPC9_HETGA,E9NPC9,299,245,I,"[191, 242, 244, 247]",[],[191]
301,COX1_CANLF,Q9ZZ64,299,245,I,"[191, 242, 244, 247]",[244],[191]
302,COX1_MOUSE,P00397,299,245,I,"[191, 242, 244, 247]",[244],[191]
303,COX1_RAT,P05503,299,245,I,"[191, 242, 244, 247]",[244],[191]
304,COX1_SCHPO,P07657,301,254,I,"[251, 252, 256, 392]",[251],[392]
305,COX1_DICDI,O21042,301,266,I,"[263, 264, 268, 403]",[263],[403]
306,COX1_CAEEL,P24893,301,254,I,"[251, 252, 256, 392]",[251],[392]
307,COX1_YEAST,P00401,301,248,I,"[245, 246, 250, 385]",[245],[385]
308,H9D0P5_EMENI,H9D0P5,301,300,I,"[297, 298, 302, 437]",[],[437]
309,A0A126TGS8_MEDTR,A0A126TGS8,301,250,I,"[247, 248, 252, 387]",[],[387]
310,COX1_ORYSJ,P14578,301,250,I,"[247, 248, 252, 387]",[247],[387]
311,COX1_DROME,P00399,301,245,I,"[242, 243, 247, 383]",[242],[383]
312,A0A023UN37_POERE,A0A023UN37,301,247,I,"[244, 245, 249, 385]",[],[385]
313,COX1_DANRE,Q9MIY8,301,247,I,"[244, 245, 249, 385]",[244],[385]
314,COX1_HUMAN,P00395,301,247,I,"[244, 245, 249, 385]",[244],[385]
315,E9NPC9_HETGA,E9NPC9,301,247,I,"[244, 245, 249, 385]",[],[385]
316,COX1_CANLF,Q9ZZ64,301,247,I,"[244, 245, 249, 385]",[244],[385]
317,COX1_MOUSE,P00397,301,247,I,"[244, 245, 249, 385]",[244],[385]
318,COX1_RAT,P05503,301,247,I,"[244, 245, 249, 385]",[244],[385]
319,A0A126TGS8_MEDTR,A0A126TGS8,303,252,P,"[187, 250, 255]",[],[187]
320,COX1_SCHPO,P07657,306,259,G,"[190, 191, 256, 262]",[],"[190, 191]"
321,COX1_DICDI,O21042,306,271,G,"[202, 203, 268, 274]",[],"[202, 203]"
322,COX1_CAEEL,P24893,306,259,G,"[190, 191, 256, 262]",[],"[190, 191]"
323,COX1_YEAST,P00401,306,253,G,"[184, 185, 250, 256]",[],"[184, 185]"
324,H9D0P5_EMENI,H9D0P5,306,305,G,"[222, 223, 302, 308]",[],"[222, 223]"
325,A0A126TGS8_MEDTR,A0A126TGS8,306,255,G,"[186, 187, 252, 258]",[],"[186, 187]"
326,COX1_ORYSJ,P14578,306,255,G,"[186, 187, 252, 258]",[],"[186, 187]"
327,COX1_DROME,P00399,306,250,G,"[181, 182, 247, 253]",[],"[181, 182]"
328,A0A023UN37_POERE,A0A023UN37,306,252,G,"[183, 184, 249, 255]",[],"[183, 184]"
329,COX1_DANRE,Q9MIY8,306,252,G,"[183, 184, 249, 255]",[],"[183, 184]"
330,COX1_HUMAN,P00395,306,252,G,"[183, 184, 249, 255]",[],"[183, 184]"
331,E9NPC9_HETGA,E9NPC9,306,252,G,"[183, 184, 249, 255]",[],"[183, 184]"
332,COX1_CANLF,Q9ZZ64,306,252,G,"[183, 184, 249, 255]",[],"[183, 184]"
333,COX1_MOUSE,P00397,306,252,G,"[183, 184, 249, 255]",[],"[183, 184]"
334,COX1_RAT,P05503,306,252,G,"[183, 184, 249, 255]",[],"[183, 184]"
335,COX1_SCHPO,P07657,322,274,F,"[275, 328, 332]",[],"[328, 332]"
336,COX1_DICDI,O21042,322,286,F,"[287, 340, 344]",[],"[340, 344]"
337,COX1_CAEEL,P24893,322,275,F,"[276, 329, 332, 333]",[],"[329, 332, 333]"
338,COX1_YEAST,P00401,322,268,F,"[269, 322, 326]",[],"[322, 326]"
339,H9D0P5_EMENI,H9D0P5,322,320,F,"[321, 374, 378]",[],"[374, 378]"
340,A0A126TGS8_MEDTR,A0A126TGS8,322,270,F,"[271, 324, 328]",[],"[324, 328]"
341,COX1_ORYSJ,P14578,322,270,F,"[271, 324, 328]",[],"[324, 328]"
342,COX1_DROME,P00399,322,266,F,"[267, 320, 324]",[],"[320, 324]"
343,A0A023UN37_POERE,A0A023UN37,322,268,F,"[269, 322, 326]",[],"[322, 326]"
344,COX1_DANRE,Q9MIY8,322,268,F,"[269, 322, 326]",[],"[322, 326]"
345,COX1_HUMAN,P00395,322,268,F,"[269, 322, 326]",[],"[322, 326]"
346,E9NPC9_HETGA,E9NPC9,322,268,F,"[269, 322, 326]",[],"[322, 326]"
347,COX1_CANLF,Q9ZZ64,322,268,F,"[269, 322, 326]",[],"[322, 326]"
348,COX1_MOUSE,P00397,322,268,F,"[269, 322, 326]",[],"[322, 326]"
349,COX1_RAT,P05503,322,268,F,"[269, 322, 326]",[],"[322, 326]"
350,COX1_DICDI,O21042,323,287,G,"[286, 340]",[],[340]
351,COX1_YEAST,P00401,323,269,G,"[268, 322]",[],[322]
352,COX1_HUMAN,P00395,323,269,G,"[268, 322]",[],[322]
353,COX1_MOUSE,P00397,323,269,G,"[268, 322]",[],[322]
354,COX1_RAT,P05503,323,269,G,"[268, 322]",[],[322]
355,COX1_SCHPO,P07657,327,279,M,"[282, 325]",[],[325]
356,COX1_DICDI,O21042,327,291,M,"[294, 337]",[],[337]
357,COX1_CAEEL,P24893,327,280,M,"[283, 326]",[],[326]
358,COX1_YEAST,P00401,327,273,M,"[276, 319]",[],[319]
359,H9D0P5_EMENI,H9D0P5,327,325,M,"[328, 371]",[],[371]
360,A0A126TGS8_MEDTR,A0A126TGS8,327,275,M,"[278, 321]",[],[321]
361,COX1_ORYSJ,P14578,327,275,M,"[278, 321]",[],[321]
362,COX1_DROME,P00399,327,271,M,"[274, 317]",[],[317]
363,A0A023UN37_POERE,A0A023UN37,327,273,M,"[276, 319]",[],[319]
364,COX1_DANRE,Q9MIY8,327,273,M,"[276, 319]",[],[319]
365,COX1_HUMAN,P00395,327,273,M,"[276, 319]",[],[319]
366,E9NPC9_HETGA,E9NPC9,327,273,M,"[276, 319]",[],[319]
367,COX1_CANLF,Q9ZZ64,327,273,M,"[276, 319]",[],[319]
368,COX1_MOUSE,P00397,327,273,M,"[276, 319]",[],[319]
369,COX1_RAT,P05503,327,273,M,"[276, 319]",[],[319]
370,COX1_SCHPO,P07657,330,282,A,"[279, 321]",[],[321]
371,COX1_DICDI,O21042,330,294,A,"[291, 333]",[],[333]
372,COX1_CAEEL,P24893,330,283,A,"[280, 322]",[],[322]
373,COX1_YEAST,P00401,330,276,A,"[273, 315]",[],[315]
374,H9D0P5_EMENI,H9D0P5,330,328,A,"[325, 332, 367]",[],[367]
375,A0A126TGS8_MEDTR,A0A126TGS8,330,278,A,"[275, 317]",[],[317]
376,COX1_ORYSJ,P14578,330,278,A,"[275, 317]",[],[317]
377,COX1_DROME,P00399,330,274,A,"[271, 313]",[],[313]
378,A0A023UN37_POERE,A0A023UN37,330,276,A,"[273, 315]",[],[315]
379,COX1_DANRE,Q9MIY8,330,276,A,"[273, 315]",[],[315]
380,COX1_HUMAN,P00395,330,276,A,"[273, 315]",[],[315]
381,E9NPC9_HETGA,E9NPC9,330,276,A,"[273, 315]",[],[315]
382,COX1_CANLF,Q9ZZ64,330,276,A,"[273, 315]",[],[315]
383,COX1_MOUSE,P00397,330,276,A,"[273, 315]",[],[315]
384,COX1_RAT,P05503,330,276,A,"[273, 315]",[],[315]
385,COX1_SCHPO,P07657,338,290,G,"[248, 286, 293]",[],[248]
386,COX1_DICDI,O21042,338,302,G,"[259, 260, 305]",[259],"[259, 260]"
387,COX1_CAEEL,P24893,338,291,G,"[248, 287, 294]",[],[248]
388,COX1_YEAST,P00401,338,284,G,"[241, 242, 280]",[241],"[241, 242]"
389,H9D0P5_EMENI,H9D0P5,338,336,G,[280],[],[280]
390,A0A126TGS8_MEDTR,A0A126TGS8,338,286,G,"[244, 282]",[],[244]
391,COX1_ORYSJ,P14578,338,286,G,"[244, 282]",[],[244]
392,COX1_DROME,P00399,338,282,G,"[238, 239]",[238],"[238, 239]"
393,A0A023UN37_POERE,A0A023UN37,338,284,G,"[241, 280, 287]",[],[241]
394,COX1_DANRE,Q9MIY8,338,284,G,"[240, 241, 280]",[240],"[240, 241]"
395,COX1_HUMAN,P00395,338,284,G,"[240, 241, 287]",[240],"[240, 241]"
396,E9NPC9_HETGA,E9NPC9,338,284,G,"[241, 280, 287]",[],[241]
397,COX1_CANLF,Q9ZZ64,338,284,G,"[241, 280, 287]",[],[241]
398,COX1_MOUSE,P00397,338,284,G,"[241, 280]",[],[241]
399,COX1_RAT,P05503,338,284,G,[241],[],[241]
400,COX1_SCHPO,P07657,341,293,V,"[290, 294, 311, 315]",[],[315]
401,COX1_DICDI,O21042,341,305,V,"[302, 306, 323, 326, 327]",[],"[326, 327]"
402,COX1_CAEEL,P24893,341,294,V,"[291, 295, 312, 316]",[],[316]
403,COX1_YEAST,P00401,341,287,V,"[288, 305, 309]",[],[309]
404,A0A126TGS8_MEDTR,A0A126TGS8,341,289,V,"[290, 307, 311]",[],[311]
405,COX1_DROME,P00399,341,285,V,"[286, 303, 307]",[],[307]
406,A0A023UN37_POERE,A0A023UN37,341,287,V,"[284, 288, 305, 309]",[],[309]
407,COX1_DANRE,Q9MIY8,341,287,V,"[288, 305, 309]",[],[309]
408,COX1_HUMAN,P00395,341,287,V,"[284, 288, 305, 309]",[],[309]
409,E9NPC9_HETGA,E9NPC9,341,287,V,"[284, 288, 305, 309]",[],[309]
410,COX1_CANLF,Q9ZZ64,341,287,V,"[284, 288, 305, 309]",[],[309]
411,COX1_MOUSE,P00397,341,287,V,"[288, 305, 309]",[],[309]
412,COX1_RAT,P05503,341,287,V,"[288, 305, 309]",[],[309]
413,COX1_SCHPO,P07657,342,294,W,"[244, 247, 293, 296]","[247, 296]","[244, 247]"
414,COX1_DICDI,O21042,342,306,W,"[256, 259, 305, 308]","[259, 308]","[256, 259]"
415,COX1_CAEEL,P24893,342,295,W,"[244, 247, 294, 297]","[247, 297]","[244, 247]"
416,COX1_YEAST,P00401,342,288,W,"[238, 241, 287, 290]","[241, 290]","[238, 241]"
417,H9D0P5_EMENI,H9D0P5,342,340,W,"[276, 279, 339, 342]",[],"[276, 279]"
418,A0A126TGS8_MEDTR,A0A126TGS8,342,290,W,"[240, 243, 289, 292]",[],"[240, 243]"
419,COX1_ORYSJ,P14578,342,290,W,"[240, 243, 289, 292]","[243, 292]","[240, 243]"
420,COX1_DROME,P00399,342,286,W,"[235, 238, 285, 288]","[238, 288]","[235, 238]"
421,A0A023UN37_POERE,A0A023UN37,342,288,W,"[237, 240, 287, 290]",[],"[237, 240]"
422,COX1_DANRE,Q9MIY8,342,288,W,"[237, 240, 287, 290]","[240, 290]","[237, 240]"
423,COX1_HUMAN,P00395,342,288,W,"[237, 240, 287, 290]","[240, 290]","[237, 240]"
424,E9NPC9_HETGA,E9NPC9,342,288,W,"[237, 240, 287, 290]",[],"[237, 240]"
425,COX1_CANLF,Q9ZZ64,342,288,W,"[237, 240, 287, 290]","[240, 290]","[237, 240]"
426,COX1_MOUSE,P00397,342,288,W,"[237, 240, 287, 290]","[240, 290]","[237, 240]"
427,COX1_RAT,P05503,342,288,W,"[237, 240, 287, 290]","[240, 290]","[237, 240]"
428,COX1_DICDI,O21042,362,326,A,"[305, 323, 327]",[],[305]
429,COX1_SCHPO,P07657,363,315,T,"[293, 311, 314, 318]",[],[293]
430,COX1_DICDI,O21042,363,327,T,"[305, 323, 326, 330]",[],[305]
431,COX1_CAEEL,P24893,363,316,T,"[294, 312, 315, 319]",[],[294]
432,COX1_YEAST,P00401,363,309,T,"[287, 305, 308, 312]",[],[287]
433,A0A126TGS8_MEDTR,A0A126TGS8,363,311,T,"[289, 307, 310, 314]",[],[289]
434,COX1_DROME,P00399,363,307,T,"[285, 303, 306, 310]",[],[285]
435,A0A023UN37_POERE,A0A023UN37,363,309,T,"[287, 305, 308, 312]",[],[287]
436,COX1_DANRE,Q9MIY8,363,309,T,"[287, 305, 308, 312]",[],[287]
437,COX1_HUMAN,P00395,363,309,T,"[287, 305, 308, 312]",[],[287]
438,E9NPC9_HETGA,E9NPC9,363,309,T,"[287, 305, 308, 312]",[],[287]
439,COX1_CANLF,Q9ZZ64,363,309,T,"[287, 305, 308, 312]",[],[287]
440,COX1_MOUSE,P00397,363,309,T,"[287, 305, 308, 312]",[],[287]
441,COX1_RAT,P05503,363,309,T,"[287, 305, 308, 312]",[],[287]
442,COX1_SCHPO,P07657,369,321,P,"[282, 318, 319, 322, 323]",[],[282]
443,COX1_DICDI,O21042,369,333,P,"[294, 330, 331, 334, 335]",[],[294]
444,COX1_CAEEL,P24893,369,322,P,"[283, 319, 320, 323, 324]",[],[283]
445,COX1_YEAST,P00401,369,315,P,"[276, 312, 313, 316, 317]",[],[276]
446,H9D0P5_EMENI,H9D0P5,369,367,P,"[328, 364, 368, 369]",[],[328]
447,A0A126TGS8_MEDTR,A0A126TGS8,369,317,P,"[278, 315, 318, 319]",[],[278]
448,COX1_ORYSJ,P14578,369,317,P,"[278, 315, 318, 319]",[],[278]
449,COX1_DROME,P00399,369,313,P,"[274, 310, 311, 314, 315]",[],[274]
450,A0A023UN37_POERE,A0A023UN37,369,315,P,"[276, 312, 313, 316, 317]",[],[276]
451,COX1_DANRE,Q9MIY8,369,315,P,"[276, 312, 313, 316, 317]",[],[276]
452,COX1_HUMAN,P00395,369,315,P,"[276, 312, 313, 316, 317]",[],[276]
453,E9NPC9_HETGA,E9NPC9,369,315,P,"[276, 312, 313, 316, 317]",[],[276]
454,COX1_CANLF,Q9ZZ64,369,315,P,"[276, 312, 313, 316, 317]",[],[276]
455,COX1_MOUSE,P00397,369,315,P,"[276, 312, 313, 316, 317]",[],[276]
456,COX1_RAT,P05503,369,315,P,"[276, 312, 313, 316, 317]",[],[276]
457,COX1_SCHPO,P07657,373,325,K,"[279, 322, 323, 327, 328]",[],[279]
458,COX1_DICDI,O21042,373,337,K,"[291, 334, 335, 339, 340]",[],[291]
459,COX1_CAEEL,P24893,373,326,K,"[280, 323, 324, 328, 329]",[],[280]
460,COX1_YEAST,P00401,373,319,K,"[273, 316, 317, 321, 322]",[],[273]
461,H9D0P5_EMENI,H9D0P5,373,371,K,"[325, 368, 369, 373, 374]",[],[325]
462,A0A126TGS8_MEDTR,A0A126TGS8,373,321,K,"[275, 318, 319, 323, 324]",[],[275]
463,COX1_ORYSJ,P14578,373,321,K,"[275, 318, 319, 323, 324]",[],[275]
464,COX1_DROME,P00399,373,317,K,"[271, 314, 315, 319, 320]",[],[271]
465,A0A023UN37_POERE,A0A023UN37,373,319,K,"[273, 316, 317, 321, 322]",[],[273]
466,COX1_DANRE,Q9MIY8,373,319,K,"[273, 316, 317, 321, 322]",[],[273]
467,COX1_HUMAN,P00395,373,319,K,"[273, 316, 317, 321, 322]",[],[273]
468,E9NPC9_HETGA,E9NPC9,373,319,K,"[273, 316, 317, 321, 322]",[],[273]
469,COX1_CANLF,Q9ZZ64,373,319,K,"[273, 316, 317, 321, 322]",[],[273]
470,COX1_MOUSE,P00397,373,319,K,"[273, 316, 317, 321, 322]",[],[273]
471,COX1_RAT,P05503,373,319,K,"[273, 316, 317, 321, 322]",[],[273]
472,COX1_SCHPO,P07657,376,328,S,"[274, 325, 327, 329, 331]",[],[274]
473,COX1_DICDI,O21042,376,340,S,"[286, 287, 337, 339, 341, 343]",[],"[286, 287]"
474,COX1_CAEEL,P24893,376,329,S,"[275, 326, 328, 330, 332, 333]",[],[275]
475,COX1_YEAST,P00401,376,322,S,"[268, 269, 319, 321, 323, 325]",[],"[268, 269]"
476,H9D0P5_EMENI,H9D0P5,376,374,S,"[320, 371, 373, 375, 377]",[],[320]
477,A0A126TGS8_MEDTR,A0A126TGS8,376,324,S,"[270, 321, 323, 325, 327]",[],[270]
478,COX1_ORYSJ,P14578,376,324,S,"[270, 321, 323, 325, 327]",[],[270]
479,COX1_DROME,P00399,376,320,S,"[266, 317, 319, 321, 323]",[],[266]
480,A0A023UN37_POERE,A0A023UN37,376,322,S,"[268, 319, 321, 323, 325]",[],[268]
481,COX1_DANRE,Q9MIY8,376,322,S,"[268, 319, 321, 323, 325]",[],[268]
482,COX1_HUMAN,P00395,376,322,S,"[268, 269, 319, 321, 323, 325]",[],"[268, 269]"
483,E9NPC9_HETGA,E9NPC9,376,322,S,"[268, 319, 321, 323, 325, 326]",[],[268]
484,COX1_CANLF,Q9ZZ64,376,322,S,"[268, 319, 321, 323, 325]",[],[268]
485,COX1_MOUSE,P00397,376,322,S,"[268, 269, 319, 321, 323, 325]",[],"[268, 269]"
486,COX1_RAT,P05503,376,322,S,"[268, 269, 319, 321, 323, 325]",[],"[268, 269]"
487,COX1_CAEEL,P24893,379,332,A,"[275, 329, 330, 333]",[],[275]
488,COX1_SCHPO,P07657,380,332,T,"[274, 329, 331]",[],[274]
489,COX1_DICDI,O21042,380,344,T,"[286, 341, 343]",[],[286]
490,COX1_CAEEL,P24893,380,333,T,"[275, 329, 330, 332]",[],[275]
491,COX1_YEAST,P00401,380,326,T,"[268, 323, 325]",[],[268]
492,H9D0P5_EMENI,H9D0P5,380,378,T,"[320, 375, 377]",[],[320]
493,A0A126TGS8_MEDTR,A0A126TGS8,380,328,T,"[270, 325, 327]",[],[270]
494,COX1_ORYSJ,P14578,380,328,T,"[270, 325, 327]",[],[270]
495,COX1_DROME,P00399,380,324,T,"[266, 321, 323]",[],[266]
496,A0A023UN37_POERE,A0A023UN37,380,326,T,"[268, 323, 325]",[],[268]
497,COX1_DANRE,Q9MIY8,380,326,T,"[268, 323, 325]",[],[268]
498,COX1_HUMAN,P00395,380,326,T,"[268, 323, 325]",[],[268]
499,E9NPC9_HETGA,E9NPC9,380,326,T,"[268, 322, 323, 325]",[],[268]
500,COX1_CANLF,Q9ZZ64,380,326,T,"[268, 323, 325]",[],[268]
501,COX1_MOUSE,P00397,380,326,T,"[268, 323, 325]",[],[268]
502,COX1_RAT,P05503,380,326,T,"[268, 323, 325]",[],[268]
503,COX1_SCHPO,P07657,399,351,F,"[354, 355, 391, 394]",[],"[391, 394]"
504,COX1_DICDI,O21042,399,362,F,"[365, 366, 402, 405]",[],"[402, 405]"
505,COX1_CAEEL,P24893,399,351,F,"[354, 355, 391, 394]",[],"[391, 394]"
506,COX1_YEAST,P00401,399,344,F,"[347, 348, 384]",[],[384]
507,H9D0P5_EMENI,H9D0P5,399,396,F,"[399, 400, 436, 439]",[],"[436, 439]"
508,A0A126TGS8_MEDTR,A0A126TGS8,399,346,F,"[349, 350, 386, 389]",[],"[386, 389]"
509,COX1_ORYSJ,P14578,399,346,F,"[349, 350, 386, 389]",[],"[386, 389]"
510,COX1_DROME,P00399,399,342,F,"[345, 346, 382, 385]",[],"[382, 385]"
511,A0A023UN37_POERE,A0A023UN37,399,344,F,"[347, 348, 384, 387]",[],"[384, 387]"
512,COX1_DANRE,Q9MIY8,399,344,F,"[347, 348, 384, 387]",[],"[384, 387]"
513,COX1_HUMAN,P00395,399,344,F,"[347, 348, 384, 387]",[],"[384, 387]"
514,E9NPC9_HETGA,E9NPC9,399,344,F,"[347, 348, 384, 387]",[],"[384, 387]"
515,COX1_CANLF,Q9ZZ64,399,344,F,"[347, 348, 384, 387]",[],"[384, 387]"
516,COX1_MOUSE,P00397,399,344,F,"[347, 348, 384, 387]",[],"[384, 387]"
517,COX1_RAT,P05503,399,344,F,"[347, 348, 384, 387]",[],"[384, 387]"
518,COX1_SCHPO,P07657,403,355,F,"[351, 354, 356, 358, 359, 387, 391]",[],"[387, 391]"
519,COX1_DICDI,O21042,403,366,F,"[362, 365, 367, 369, 370, 397, 398, 402]",[],"[397, 398, 402]"
520,COX1_CAEEL,P24893,403,355,F,"[351, 354, 356, 358, 359, 387, 391]",[],"[387, 391]"
521,COX1_YEAST,P00401,403,348,F,"[344, 347, 349, 351, 380, 384]",[],"[380, 384]"
522,H9D0P5_EMENI,H9D0P5,403,400,F,"[396, 399, 401, 403, 404, 431, 432, 436]",[],"[431, 432, 436]"
523,A0A126TGS8_MEDTR,A0A126TGS8,403,350,F,"[346, 349, 351, 353, 354, 382, 386]",[],"[382, 386]"
524,COX1_ORYSJ,P14578,403,350,F,"[346, 349, 351, 353, 354, 382, 386]",[],"[382, 386]"
525,COX1_DROME,P00399,403,346,F,"[342, 345, 347, 349, 350, 378, 382]",[],"[378, 382]"
526,A0A023UN37_POERE,A0A023UN37,403,348,F,"[344, 347, 349, 351, 352, 380, 384]",[],"[380, 384]"
527,COX1_DANRE,Q9MIY8,403,348,F,"[344, 347, 349, 351, 352, 380, 384]",[],"[380, 384]"
528,COX1_HUMAN,P00395,403,348,F,"[344, 347, 349, 351, 380, 384]",[],"[380, 384]"
529,E9NPC9_HETGA,E9NPC9,403,348,F,"[344, 347, 349, 351, 352, 380, 384]",[],"[380, 384]"
530,COX1_CANLF,Q9ZZ64,403,348,F,"[344, 347, 349, 351, 352, 380, 384]",[],"[380, 384]"
531,COX1_MOUSE,P00397,403,348,F,"[344, 347, 349, 351, 380, 384]",[],"[380, 384]"
532,COX1_RAT,P05503,403,348,F,"[344, 347, 349, 351, 352, 380, 384]",[],"[380, 384]"
533,COX1_SCHPO,P07657,406,358,G,"[355, 356, 359, 360, 383, 386, 387]",[383],"[383, 386, 387]"
534,COX1_DICDI,O21042,406,369,G,"[366, 367, 370, 371, 394, 397, 398]",[394],"[394, 397, 398]"
535,COX1_CAEEL,P24893,406,358,G,"[355, 356, 359, 360, 383, 386, 387]",[383],"[383, 386, 387]"
536,COX1_YEAST,P00401,406,351,G,"[348, 349, 352, 353, 376, 379, 380]",[376],"[376, 379, 380]"
537,H9D0P5_EMENI,H9D0P5,406,403,G,"[400, 401, 404, 405, 428, 431, 432]",[],"[428, 431, 432]"
538,A0A126TGS8_MEDTR,A0A126TGS8,406,353,G,"[350, 351, 354, 355, 378, 381, 382]",[],"[378, 381, 382]"
539,COX1_ORYSJ,P14578,406,353,G,"[350, 351, 354, 355, 378, 381, 382]",[378],"[378, 381, 382]"
540,COX1_DROME,P00399,406,349,G,"[346, 347, 350, 351, 374, 377, 378]",[374],"[374, 377, 378]"
541,A0A023UN37_POERE,A0A023UN37,406,351,G,"[348, 349, 352, 353, 376, 379, 380]",[],"[376, 379, 380]"
542,COX1_DANRE,Q9MIY8,406,351,G,"[348, 349, 352, 353, 376, 379, 380]",[376],"[376, 379, 380]"
543,COX1_HUMAN,P00395,406,351,G,"[348, 349, 352, 353, 376, 379, 380]",[376],"[376, 379, 380]"
544,E9NPC9_HETGA,E9NPC9,406,351,G,"[348, 349, 352, 353, 376, 379, 380]",[],"[376, 379, 380]"
545,COX1_CANLF,Q9ZZ64,406,351,G,"[348, 349, 352, 353, 376, 379, 380]",[376],"[376, 379, 380]"
546,COX1_MOUSE,P00397,406,351,G,"[348, 349, 352, 353, 376, 379, 380]",[376],"[376, 379, 380]"
547,COX1_RAT,P05503,406,351,G,"[348, 349, 352, 353, 376, 379, 380]",[376],"[376, 379, 380]"
548,A0A126TGS8_MEDTR,A0A126TGS8,410,357,G,"[354, 355, 378]",[],[378]
549,COX1_SCHPO,P07657,424,376,D,"[375, 377, 443, 444]",[375],"[443, 444]"
550,COX1_DICDI,O21042,424,387,D,"[386, 388, 461, 462]",[386],"[461, 462]"
551,COX1_CAEEL,P24893,424,376,D,"[375, 377, 444, 445]",[375],"[444, 445]"
552,COX1_YEAST,P00401,424,369,D,"[368, 370, 437, 438]",[368],"[437, 438]"
553,H9D0P5_EMENI,H9D0P5,424,421,D,"[420, 422, 489, 490]",[],"[489, 490]"
554,A0A126TGS8_MEDTR,A0A126TGS8,424,371,D,"[370, 372, 439, 440]",[],"[439, 440]"
555,COX1_ORYSJ,P14578,424,371,D,"[370, 372, 440]",[370],[440]
556,COX1_DROME,P00399,424,367,D,"[366, 368, 435, 436]",[366],"[435, 436]"
557,A0A023UN37_POERE,A0A023UN37,424,369,D,"[368, 370, 437, 438]",[],"[437, 438]"
558,COX1_DANRE,Q9MIY8,424,369,D,"[368, 370, 437, 438]",[368],"[437, 438]"
559,COX1_HUMAN,P00395,424,369,D,"[368, 370, 437, 438]",[368],"[437, 438]"
560,E9NPC9_HETGA,E9NPC9,424,369,D,"[368, 370, 437, 438]",[],"[437, 438]"
561,COX1_CANLF,Q9ZZ64,424,369,D,"[368, 370, 437, 438]",[368],"[437, 438]"
562,COX1_MOUSE,P00397,424,369,D,"[368, 370, 437, 438]",[368],"[437, 438]"
563,COX1_RAT,P05503,424,369,D,"[368, 370, 437, 438]",[368],"[437, 438]"
564,COX1_SCHPO,P07657,425,377,T,"[375, 376, 378, 380, 438, 443, 444]","[375, 376]","[438, 443, 444]"
565,COX1_DICDI,O21042,425,388,T,"[386, 387, 389, 391, 456, 461, 462]","[386, 387]","[456, 461, 462]"
566,COX1_CAEEL,P24893,425,377,T,"[375, 376, 378, 380, 439, 444, 445]","[375, 376]","[439, 444, 445]"
567,COX1_YEAST,P00401,425,370,T,"[368, 369, 371, 373, 432, 437, 438]","[368, 369]","[432, 437, 438]"
568,H9D0P5_EMENI,H9D0P5,425,422,T,"[420, 421, 423, 425, 484, 489, 490]",[],"[484, 489, 490]"
569,A0A126TGS8_MEDTR,A0A126TGS8,425,372,T,"[370, 371, 373, 375, 434, 439, 440]",[],"[434, 439, 440]"
570,COX1_ORYSJ,P14578,425,372,T,"[370, 371, 373, 375, 434, 439, 440]","[370, 371]","[434, 439, 440]"
571,COX1_DROME,P00399,425,368,T,"[366, 367, 369, 371, 430, 435, 436]","[366, 367]","[430, 435, 436]"
572,A0A023UN37_POERE,A0A023UN37,425,370,T,"[368, 369, 371, 373, 432, 437, 438]",[],"[432, 437, 438]"
573,COX1_DANRE,Q9MIY8,425,370,T,"[368, 369, 371, 373, 432, 437, 438]","[368, 369]","[432, 437, 438]"
574,COX1_HUMAN,P00395,425,370,T,"[368, 369, 371, 373, 432, 437, 438]","[368, 369]","[432, 437, 438]"
575,E9NPC9_HETGA,E9NPC9,425,370,T,"[368, 369, 371, 373, 432, 437, 438]",[],"[432, 437, 438]"
576,COX1_CANLF,Q9ZZ64,425,370,T,"[368, 369, 371, 373, 432, 437, 438]","[368, 369]","[432, 437, 438]"
577,COX1_MOUSE,P00397,425,370,T,"[368, 369, 371, 373, 432, 437, 438]","[368, 369]","[432, 437, 438]"
578,COX1_RAT,P05503,425,370,T,"[368, 369, 371, 373, 432, 437, 438]","[368, 369]","[432, 437, 438]"
579,COX1_SCHPO,P07657,426,378,Y,"[377, 380, 381, 438, 444]",[],"[438, 444]"
580,COX1_DICDI,O21042,426,389,Y,"[388, 391, 392, 456, 462]",[],"[456, 462]"
581,COX1_CAEEL,P24893,426,378,Y,"[377, 380, 381, 439, 445]",[],"[439, 445]"
582,COX1_YEAST,P00401,426,371,Y,"[370, 373, 374, 432, 438]",[],"[432, 438]"
583,H9D0P5_EMENI,H9D0P5,426,423,Y,"[422, 425, 426, 484, 490]",[],"[484, 490]"
584,A0A126TGS8_MEDTR,A0A126TGS8,426,373,Y,"[372, 375, 376, 434, 440]",[],"[434, 440]"
585,COX1_ORYSJ,P14578,426,373,Y,"[372, 375, 376, 434, 440]",[],"[434, 440]"
586,COX1_DROME,P00399,426,369,Y,"[368, 371, 372, 430, 436]",[],"[430, 436]"
587,A0A023UN37_POERE,A0A023UN37,426,371,Y,"[370, 373, 374, 432, 438]",[],"[432, 438]"
588,COX1_DANRE,Q9MIY8,426,371,Y,"[370, 373, 374, 432, 438]",[],"[432, 438]"
589,COX1_HUMAN,P00395,426,371,Y,"[370, 373, 374, 432, 438]",[],"[432, 438]"
590,E9NPC9_HETGA,E9NPC9,426,371,Y,"[370, 373, 374, 432, 438]",[],"[432, 438]"
591,COX1_CANLF,Q9ZZ64,426,371,Y,"[370, 373, 374, 432, 438]",[],"[432, 438]"
592,COX1_MOUSE,P00397,426,371,Y,"[370, 373, 374, 432, 438]",[],"[432, 438]"
593,COX1_RAT,P05503,426,371,Y,"[370, 373, 374, 432, 438]",[],"[432, 438]"
594,COX1_SCHPO,P07657,431,383,H,"[358, 380, 381, 384, 385, 386]",[385],[358]
595,COX1_DICDI,O21042,431,394,H,"[369, 391, 392, 395, 396, 397]",[396],[369]
596,COX1_CAEEL,P24893,431,383,H,"[358, 380, 381, 384, 385, 386]",[385],[358]
597,COX1_YEAST,P00401,431,376,H,"[351, 373, 374, 377, 378, 379]",[378],[351]
598,H9D0P5_EMENI,H9D0P5,431,428,H,"[403, 425, 426, 429, 430, 431]",[],[403]
599,A0A126TGS8_MEDTR,A0A126TGS8,431,378,H,"[353, 357, 375, 376, 379, 380, 381]",[],"[353, 357]"
600,COX1_ORYSJ,P14578,431,378,H,"[353, 375, 376, 379, 380, 381]",[380],[353]
601,COX1_DROME,P00399,431,374,H,"[349, 371, 372, 375, 376, 377]",[376],[349]
602,A0A023UN37_POERE,A0A023UN37,431,376,H,"[351, 373, 374, 377, 378, 379]",[],[351]
603,COX1_DANRE,Q9MIY8,431,376,H,"[351, 373, 374, 377, 378, 379]",[378],[351]
604,COX1_HUMAN,P00395,431,376,H,"[351, 373, 374, 377, 378, 379]",[378],[351]
605,E9NPC9_HETGA,E9NPC9,431,376,H,"[351, 373, 374, 377, 378, 379]",[],[351]
606,COX1_CANLF,Q9ZZ64,431,376,H,"[351, 373, 374, 377, 378, 379]",[378],[351]
607,COX1_MOUSE,P00397,431,376,H,"[351, 373, 374, 377, 378, 379]",[378],[351]
608,COX1_RAT,P05503,431,376,H,"[351, 373, 374, 377, 378, 379]",[378],[351]
609,COX1_SCHPO,P07657,434,386,Y,"[358, 383, 384, 385, 387, 388, 389]","[383, 385]",[358]
610,COX1_DICDI,O21042,434,397,Y,"[366, 369, 394, 395, 396, 398, 400]","[394, 396]","[366, 369]"
611,COX1_CAEEL,P24893,434,386,Y,"[358, 383, 384, 385, 387, 388, 389]","[383, 385]",[358]
612,COX1_YEAST,P00401,434,379,Y,"[351, 376, 377, 378, 380, 381, 382]","[376, 378]",[351]
613,H9D0P5_EMENI,H9D0P5,434,431,Y,"[400, 403, 428, 429, 430, 432, 433, 434]",[],"[400, 403]"
614,A0A126TGS8_MEDTR,A0A126TGS8,434,381,Y,"[353, 378, 379, 380, 382, 384]",[],[353]
615,COX1_ORYSJ,P14578,434,381,Y,"[353, 378, 379, 380, 382, 383, 384]","[378, 380]",[353]
616,COX1_DROME,P00399,434,377,Y,"[349, 374, 375, 376, 378, 379, 380]","[374, 376]",[349]
617,A0A023UN37_POERE,A0A023UN37,434,379,Y,"[351, 376, 377, 378, 380, 381, 382]",[],[351]
618,COX1_DANRE,Q9MIY8,434,379,Y,"[351, 376, 377, 378, 380, 381, 382]","[376, 378]",[351]
619,COX1_HUMAN,P00395,434,379,Y,"[351, 376, 377, 378, 380, 381, 382]","[376, 378]",[351]
620,E9NPC9_HETGA,E9NPC9,434,379,Y,"[351, 376, 377, 378, 380, 381, 382]",[],[351]
621,COX1_CANLF,Q9ZZ64,434,379,Y,"[351, 376, 377, 378, 380, 381, 382]","[376, 378]",[351]
622,COX1_MOUSE,P00397,434,379,Y,"[351, 376, 377, 378, 380, 381, 382]","[376, 378]",[351]
623,COX1_RAT,P05503,434,379,Y,"[351, 376, 377, 378, 380, 381, 382]","[376, 378]",[351]
624,COX1_SCHPO,P07657,435,387,V,"[355, 358, 384, 385, 386, 388, 391]",[385],"[355, 358]"
625,COX1_DICDI,O21042,435,398,V,"[366, 369, 395, 396, 397, 399, 402]",[396],"[366, 369]"
626,COX1_CAEEL,P24893,435,387,V,"[355, 358, 384, 385, 386, 388, 391]",[385],"[355, 358]"
627,COX1_YEAST,P00401,435,380,V,"[348, 351, 377, 378, 379, 381, 384]",[378],"[348, 351]"
628,H9D0P5_EMENI,H9D0P5,435,432,V,"[400, 403, 429, 430, 431, 433, 436]",[],"[400, 403]"
629,A0A126TGS8_MEDTR,A0A126TGS8,435,382,V,"[350, 353, 379, 380, 381, 383, 386]",[],"[350, 353]"
630,COX1_ORYSJ,P14578,435,382,V,"[350, 353, 379, 380, 381, 383, 386]",[380],"[350, 353]"
631,COX1_DROME,P00399,435,378,V,"[346, 349, 375, 376, 377, 379, 382]",[376],"[346, 349]"
632,A0A023UN37_POERE,A0A023UN37,435,380,V,"[348, 351, 377, 378, 379, 381, 384]",[],"[348, 351]"
633,COX1_DANRE,Q9MIY8,435,380,V,"[348, 351, 377, 378, 379, 381, 384]",[378],"[348, 351]"
634,COX1_HUMAN,P00395,435,380,V,"[348, 351, 377, 378, 379, 381, 384]",[378],"[348, 351]"
635,E9NPC9_HETGA,E9NPC9,435,380,V,"[348, 351, 377, 378, 379, 381, 384]",[],"[348, 351]"
636,COX1_CANLF,Q9ZZ64,435,380,V,"[348, 351, 377, 378, 379, 381, 384]",[378],"[348, 351]"
637,COX1_MOUSE,P00397,435,380,V,"[348, 351, 377, 378, 379, 381, 384]",[378],"[348, 351]"
638,COX1_RAT,P05503,435,380,V,"[348, 351, 377, 378, 379, 381, 384]",[378],"[348, 351]"
639,COX1_SCHPO,P07657,439,391,G,"[351, 355, 387, 388, 389, 392, 394]",[],"[351, 355]"
640,COX1_DICDI,O21042,439,402,G,"[362, 366, 398, 399, 400, 403, 405]",[],"[362, 366]"
641,COX1_CAEEL,P24893,439,391,G,"[351, 355, 387, 388, 389, 392, 394]",[],"[351, 355]"
642,COX1_YEAST,P00401,439,384,G,"[344, 348, 380, 381, 382, 385, 387]",[],"[344, 348]"
643,H9D0P5_EMENI,H9D0P5,439,436,G,"[396, 400, 432, 433, 434, 437, 439]",[],"[396, 400]"
644,A0A126TGS8_MEDTR,A0A126TGS8,439,386,G,"[346, 350, 382, 383, 384, 387, 389]",[],"[346, 350]"
645,COX1_ORYSJ,P14578,439,386,G,"[346, 350, 382, 383, 384, 387, 389]",[],"[346, 350]"
646,COX1_DROME,P00399,439,382,G,"[342, 346, 378, 379, 380, 383, 385]",[],"[342, 346]"
647,A0A023UN37_POERE,A0A023UN37,439,384,G,"[344, 348, 380, 381, 382, 385, 387]",[],"[344, 348]"
648,COX1_DANRE,Q9MIY8,439,384,G,"[344, 348, 380, 381, 382, 385, 387]",[],"[344, 348]"
649,COX1_HUMAN,P00395,439,384,G,"[344, 348, 380, 381, 382, 385, 387]",[],"[344, 348]"
650,E9NPC9_HETGA,E9NPC9,439,384,G,"[344, 348, 380, 381, 382, 385, 387]",[],"[344, 348]"
651,COX1_CANLF,Q9ZZ64,439,384,G,"[344, 348, 380, 381, 382, 385, 387]",[],"[344, 348]"
652,COX1_MOUSE,P00397,439,384,G,"[344, 348, 380, 381, 382, 385, 387]",[],"[344, 348]"
653,COX1_RAT,P05503,439,384,G,"[344, 348, 380, 381, 382, 385, 387]",[],"[344, 348]"
654,COX1_SCHPO,P07657,440,392,A,"[254, 388, 389, 391, 394]",[],[254]
655,COX1_DICDI,O21042,440,403,A,"[266, 399, 400, 402, 405]",[],[266]
656,COX1_CAEEL,P24893,440,392,A,"[254, 388, 389, 391, 394]",[],[254]
657,COX1_YEAST,P00401,440,385,A,"[248, 381, 382, 384, 387]",[],[248]
658,H9D0P5_EMENI,H9D0P5,440,437,A,"[300, 433, 434, 436, 439]",[],[300]
659,A0A126TGS8_MEDTR,A0A126TGS8,440,387,A,"[250, 383, 384, 386, 389]",[],[250]
660,COX1_ORYSJ,P14578,440,387,A,"[250, 383, 384, 386, 389]",[],[250]
661,COX1_DROME,P00399,440,383,A,"[245, 379, 380, 382, 385]",[],[245]
662,A0A023UN37_POERE,A0A023UN37,440,385,A,"[247, 381, 382, 384, 387]",[],[247]
663,COX1_DANRE,Q9MIY8,440,385,A,"[247, 381, 382, 384, 387]",[],[247]
664,COX1_HUMAN,P00395,440,385,A,"[247, 381, 382, 384, 387]",[],[247]
665,E9NPC9_HETGA,E9NPC9,440,385,A,"[247, 381, 382, 384, 387]",[],[247]
666,COX1_CANLF,Q9ZZ64,440,385,A,"[247, 381, 384, 387]",[],[247]
667,COX1_MOUSE,P00397,440,385,A,"[247, 381, 382, 384, 387]",[],[247]
668,COX1_RAT,P05503,440,385,A,"[247, 381, 382, 384, 387]",[],[247]
669,COX1_SCHPO,P07657,442,394,F,"[351, 391, 392]",[],[351]
670,COX1_DICDI,O21042,442,405,F,"[362, 402, 403]",[],[362]
671,COX1_CAEEL,P24893,442,394,F,"[351, 391, 392]",[],[351]
672,H9D0P5_EMENI,H9D0P5,442,439,F,"[396, 436, 437]",[],[396]
673,A0A126TGS8_MEDTR,A0A126TGS8,442,389,F,"[346, 386, 387]",[],[346]
674,COX1_ORYSJ,P14578,442,389,F,"[346, 386, 387]",[],[346]
675,COX1_DROME,P00399,442,385,F,"[342, 382, 383]",[],[342]
676,A0A023UN37_POERE,A0A023UN37,442,387,F,"[344, 384, 385]",[],[344]
677,COX1_DANRE,Q9MIY8,442,387,F,"[344, 384, 385]",[],[344]
678,COX1_HUMAN,P00395,442,387,F,"[344, 384, 385]",[],[344]
679,E9NPC9_HETGA,E9NPC9,442,387,F,"[344, 384, 385]",[],[344]
680,COX1_CANLF,Q9ZZ64,442,387,F,"[344, 384, 385]",[],[344]
681,COX1_MOUSE,P00397,442,387,F,"[344, 384, 385]",[],[344]
682,COX1_RAT,P05503,442,387,F,"[344, 384, 385]",[],[344]
683,COX1_SCHPO,P07657,481,426,G,"[424, 428, 463, 466]",[],"[463, 466]"
684,COX1_DICDI,O21042,481,444,G,"[442, 446, 481, 484]",[],"[481, 484]"
685,COX1_CAEEL,P24893,481,427,G,"[425, 429, 464, 465, 467]",[],"[464, 465, 467]"
686,COX1_YEAST,P00401,481,420,G,"[418, 422, 457, 460]",[],"[457, 460]"
687,H9D0P5_EMENI,H9D0P5,481,472,G,"[470, 474, 509, 512]",[],"[509, 512]"
688,A0A126TGS8_MEDTR,A0A126TGS8,481,422,G,"[420, 424, 459, 462]",[],"[459, 462]"
689,COX1_ORYSJ,P14578,481,422,G,"[420, 424, 459, 462]",[],"[459, 462]"
690,COX1_DROME,P00399,481,418,G,"[416, 420, 455, 458]",[],"[455, 458]"
691,A0A023UN37_POERE,A0A023UN37,481,420,G,"[418, 422, 457, 460]",[],"[457, 460]"
692,COX1_DANRE,Q9MIY8,481,420,G,"[418, 422, 457, 460]",[],"[457, 460]"
693,COX1_HUMAN,P00395,481,420,G,"[418, 422, 457, 460]",[],"[457, 460]"
694,E9NPC9_HETGA,E9NPC9,481,420,G,"[418, 422, 457, 460]",[],"[457, 460]"
695,COX1_CANLF,Q9ZZ64,481,420,G,"[418, 422, 457, 458, 460]",[],"[457, 458, 460]"
696,COX1_MOUSE,P00397,481,420,G,"[418, 422, 457, 460]",[],"[457, 460]"
697,COX1_RAT,P05503,481,420,G,"[418, 422, 457, 458, 460]",[],"[457, 458, 460]"
698,COX1_SCHPO,P07657,488,433,P,"[435, 436, 456]",[],[456]
699,COX1_DICDI,O21042,488,451,P,"[453, 454, 474]",[],[474]
700,COX1_CAEEL,P24893,488,434,P,"[436, 437, 457]",[],[457]
701,COX1_YEAST,P00401,488,427,P,"[429, 430, 450]",[],[450]
702,H9D0P5_EMENI,H9D0P5,488,479,P,"[481, 482, 502]",[],[502]
703,A0A126TGS8_MEDTR,A0A126TGS8,488,429,P,"[431, 432, 452]",[],[452]
704,COX1_ORYSJ,P14578,488,429,P,"[431, 432, 452]",[],[452]
705,COX1_DROME,P00399,488,425,P,"[427, 428, 448]",[],[448]
706,A0A023UN37_POERE,A0A023UN37,488,427,P,"[429, 430, 450]",[],[450]
707,COX1_DANRE,Q9MIY8,488,427,P,"[429, 430, 450]",[],[450]
708,COX1_HUMAN,P00395,488,427,P,"[429, 430, 450]",[],[450]
709,E9NPC9_HETGA,E9NPC9,488,427,P,"[429, 430, 450]",[],[450]
710,COX1_CANLF,Q9ZZ64,488,427,P,"[429, 430, 450]",[],[450]
711,COX1_MOUSE,P00397,488,427,P,"[429, 430, 450]",[],[450]
712,COX1_RAT,P05503,488,427,P,"[429, 430, 450]",[],[450]
713,COX1_SCHPO,P07657,493,438,G,"[377, 378, 435, 436, 441]",[],"[377, 378]"
714,COX1_DICDI,O21042,493,456,G,"[388, 389, 453, 454, 459]",[],"[388, 389]"
715,COX1_CAEEL,P24893,493,439,G,"[377, 378, 436, 437, 442]",[],"[377, 378]"
716,COX1_YEAST,P00401,493,432,G,"[370, 371, 429, 430, 435]",[],"[370, 371]"
717,H9D0P5_EMENI,H9D0P5,493,484,G,"[422, 423, 481, 482, 487]",[],"[422, 423]"
718,A0A126TGS8_MEDTR,A0A126TGS8,493,434,G,"[372, 373, 431, 432, 437]",[],"[372, 373]"
719,COX1_ORYSJ,P14578,493,434,G,"[372, 373, 431, 432, 437]",[],"[372, 373]"
720,COX1_DROME,P00399,493,430,G,"[368, 369, 427, 428, 433]",[],"[368, 369]"
721,A0A023UN37_POERE,A0A023UN37,493,432,G,"[370, 371, 429, 430, 435]",[],"[370, 371]"
722,COX1_DANRE,Q9MIY8,493,432,G,"[370, 371, 429, 430, 435]",[],"[370, 371]"
723,COX1_HUMAN,P00395,493,432,G,"[370, 371, 429, 430, 435]",[],"[370, 371]"
724,E9NPC9_HETGA,E9NPC9,493,432,G,"[370, 371, 429, 430, 435]",[],"[370, 371]"
725,COX1_CANLF,Q9ZZ64,493,432,G,"[370, 371, 429, 430, 435]",[],"[370, 371]"
726,COX1_MOUSE,P00397,493,432,G,"[370, 371, 429, 430, 435]",[],"[370, 371]"
727,COX1_RAT,P05503,493,432,G,"[370, 371, 429, 430, 435]",[],"[370, 371]"
728,COX1_SCHPO,P07657,498,443,P,"[376, 377, 444]",[376],"[376, 377]"
729,COX1_DICDI,O21042,498,461,P,"[387, 388, 462]",[387],"[387, 388]"
730,COX1_CAEEL,P24893,498,444,P,"[376, 377, 445]",[376],"[376, 377]"
731,COX1_YEAST,P00401,498,437,P,"[369, 370, 438]",[369],"[369, 370]"
732,H9D0P5_EMENI,H9D0P5,498,489,P,"[421, 422, 490]",[],"[421, 422]"
733,A0A126TGS8_MEDTR,A0A126TGS8,498,439,P,"[371, 372, 440]",[],"[371, 372]"
734,COX1_ORYSJ,P14578,498,439,P,"[372, 440]",[],[372]
735,COX1_DROME,P00399,498,435,P,"[367, 368, 436]",[367],"[367, 368]"
736,A0A023UN37_POERE,A0A023UN37,498,437,P,"[369, 370, 438]",[],"[369, 370]"
737,COX1_DANRE,Q9MIY8,498,437,P,"[369, 370, 438]",[369],"[369, 370]"
738,COX1_HUMAN,P00395,498,437,P,"[369, 370, 438]",[369],"[369, 370]"
739,E9NPC9_HETGA,E9NPC9,498,437,P,"[369, 370, 438]",[],"[369, 370]"
740,COX1_CANLF,Q9ZZ64,498,437,P,"[369, 370, 438]",[369],"[369, 370]"
741,COX1_MOUSE,P00397,498,437,P,"[369, 370, 438]",[369],"[369, 370]"
742,COX1_RAT,P05503,498,437,P,"[369, 370, 438]",[369],"[369, 370]"
743,COX1_SCHPO,P07657,499,444,R,"[376, 377, 378, 443]",[376],"[376, 377, 378]"
744,COX1_DICDI,O21042,499,462,R,"[387, 388, 389, 461]",[387],"[387, 388, 389]"
745,COX1_CAEEL,P24893,499,445,R,"[376, 377, 378, 444]",[376],"[376, 377, 378]"
746,COX1_YEAST,P00401,499,438,R,"[369, 370, 371, 437]",[369],"[369, 370, 371]"
747,H9D0P5_EMENI,H9D0P5,499,490,R,"[421, 422, 423, 489]",[],"[421, 422, 423]"
748,A0A126TGS8_MEDTR,A0A126TGS8,499,440,R,"[371, 372, 373, 439]",[],"[371, 372, 373]"
749,COX1_ORYSJ,P14578,499,440,R,"[371, 372, 373, 439]",[371],"[371, 372, 373]"
750,COX1_DROME,P00399,499,436,R,"[367, 368, 369, 435]",[367],"[367, 368, 369]"
751,A0A023UN37_POERE,A0A023UN37,499,438,R,"[369, 370, 371, 437]",[],"[369, 370, 371]"
752,COX1_DANRE,Q9MIY8,499,438,R,"[369, 370, 371, 437]",[369],"[369, 370, 371]"
753,COX1_HUMAN,P00395,499,438,R,"[369, 370, 371, 437]",[369],"[369, 370, 371]"
754,E9NPC9_HETGA,E9NPC9,499,438,R,"[369, 370, 371, 437]",[],"[369, 370, 371]"
755,COX1_CANLF,Q9ZZ64,499,438,R,"[369, 370, 371, 437]",[369],"[369, 370, 371]"
756,COX1_MOUSE,P00397,499,438,R,"[369, 370, 371, 437]",[369],"[369, 370, 371]"
757,COX1_RAT,P05503,499,438,R,"[369, 370, 371, 437]",[369],"[369, 370, 371]"
758,COX1_SCHPO,P07657,511,456,W,"[433, 457]",[],[433]
759,COX1_DICDI,O21042,511,474,W,"[451, 475]",[],[451]
760,COX1_CAEEL,P24893,511,457,W,"[434, 458]",[],[434]
761,COX1_YEAST,P00401,511,450,W,"[427, 451]",[],[427]
762,H9D0P5_EMENI,H9D0P5,511,502,W,"[479, 503]",[],[479]
763,A0A126TGS8_MEDTR,A0A126TGS8,511,452,W,"[429, 453]",[],[429]
764,COX1_ORYSJ,P14578,511,452,W,"[429, 453]",[],[429]
765,COX1_DROME,P00399,511,448,W,"[425, 449]",[],[425]
766,A0A023UN37_POERE,A0A023UN37,511,450,W,"[427, 451]",[],[427]
767,COX1_DANRE,Q9MIY8,511,450,W,"[427, 451]",[],[427]
768,COX1_HUMAN,P00395,511,450,W,"[427, 451]",[],[427]
769,E9NPC9_HETGA,E9NPC9,511,450,W,"[427, 451]",[],[427]
770,COX1_CANLF,Q9ZZ64,511,450,W,"[427, 451]",[],[427]
771,COX1_MOUSE,P00397,511,450,W,"[427, 451]",[],[427]
772,COX1_RAT,P05503,511,450,W,"[427, 451]",[],[427]
773,COX1_SCHPO,P07657,518,463,G,"[426, 464, 466]",[],[426]
774,COX1_DICDI,O21042,518,481,G,"[444, 482, 484]",[],[444]
775,COX1_CAEEL,P24893,518,464,G,"[427, 465, 467]",[],[427]
776,COX1_YEAST,P00401,518,457,G,"[420, 458, 460]",[],[420]
777,H9D0P5_EMENI,H9D0P5,518,509,G,"[472, 510, 512]",[],[472]
778,A0A126TGS8_MEDTR,A0A126TGS8,518,459,G,"[422, 460, 462]",[],[422]
779,COX1_ORYSJ,P14578,518,459,G,"[422, 460, 462]",[],[422]
780,COX1_DROME,P00399,518,455,G,"[418, 456, 458]",[],[418]
781,A0A023UN37_POERE,A0A023UN37,518,457,G,"[420, 458, 460]",[],[420]
782,COX1_DANRE,Q9MIY8,518,457,G,"[420, 458, 460]",[],[420]
783,COX1_HUMAN,P00395,518,457,G,"[420, 458, 460]",[],[420]
784,E9NPC9_HETGA,E9NPC9,518,457,G,"[420, 458, 460]",[],[420]
785,COX1_CANLF,Q9ZZ64,518,457,G,"[420, 458, 460]",[],[420]
786,COX1_MOUSE,P00397,518,457,G,"[420, 458, 460]",[],[420]
787,COX1_RAT,P05503,518,457,G,"[420, 458, 460]",[],[420]
788,COX1_CAEEL,P24893,519,465,S,"[427, 464, 467]",[],[427]
789,COX1_CANLF,Q9ZZ64,519,458,S,"[420, 457, 460]",[],[420]
790,COX1_RAT,P05503,519,458,S,"[420, 457, 460]",[],[420]
791,COX1_SCHPO,P07657,521,466,I,"[426, 463, 464]",[],[426]
792,COX1_DICDI,O21042,521,484,I,"[444, 481, 482]",[],[444]
793,COX1_CAEEL,P24893,521,467,I,"[427, 464, 465]",[],[427]
794,COX1_YEAST,P00401,521,460,I,"[420, 457, 458]",[],[420]
795,H9D0P5_EMENI,H9D0P5,521,512,I,"[472, 509, 510]",[],[472]
796,A0A126TGS8_MEDTR,A0A126TGS8,521,462,I,"[422, 459, 460]",[],[422]
797,COX1_ORYSJ,P14578,521,462,I,"[422, 459, 460]",[],[422]
798,COX1_DROME,P00399,521,458,I,"[418, 455, 456]",[],[418]
799,A0A023UN37_POERE,A0A023UN37,521,460,I,"[420, 457, 458]",[],[420]
800,COX1_DANRE,Q9MIY8,521,460,I,"[420, 457, 458]",[],[420]
801,COX1_HUMAN,P00395,521,460,I,"[420, 457, 458]",[],[420]
802,E9NPC9_HETGA,E9NPC9,521,460,I,"[420, 457, 458]",[],[420]
803,COX1_CANLF,Q9ZZ64,521,460,I,"[420, 457, 458]",[],[420]
804,COX1_MOUSE,P00397,521,460,I,"[420, 457, 458]",[],[420]
805,COX1_RAT,P05503,521,460,I,"[420, 457, 458]",[],[420]
